{
  "en": {
    "title": "Spiritual Shadow",
    "play": "PLAY",
    "settings": "Settings",
    "shop": "Shop",
    "leaderboard": "Leaderboard",
    "withdraw": "Withdraw",
    "dailyReward": "Daily Reward",
    "hp": "HP",
    "energy": "Energy",
    "light": "Light",
    "level": "Level",
    "soulCoins": "Soul Coins",
    "gameOver": "Game Over",
    "victory": "Victory!",
    "tutorial": "Tutorial",
    "continue": "Continue",
    "restart": "Restart",
    "mainMenu": "Main Menu",
    "soundEffects": "Sound Effects",
    "backgroundMusic": "Background Music",
    "buy": "Buy",
    "bought": "Bought!",
    "balance": "Balance",
    "healthPotion": "Health Potion",
    "spiritShard": "Spirit Shard",
    "shadowFragment": "Shadow Fragment",
    "ancientArtifact": "Ancient Artifact",
    "wanderingSpirit": "Wandering Spirit",
    "corruptedBeast": "Corrupted Beast",
    "cursedZone": "Cursed Zone",
    "lightSource": "Light Source",
    "puzzleElement": "Puzzle Element"
  },
  "es": {
    "title": "Sombra Espiritual",
    "play": "JUGAR",
    "settings": "Configuración",
    "shop": "Tienda",
    "leaderboard": "Clasificación",
    "withdraw": "Retirar",
    "dailyReward": "Recompensa Diaria",
    "hp": "Vida",
    "energy": "Energía",
    "light": "Luz",
    "level": "Nivel",
    "soulCoins": "Monedas de Alma",
    "gameOver": "Fin del Juego",
    "victory": "¡Victoria!",
    "tutorial": "Tutorial",
    "continue": "Continuar",
    "restart": "Reiniciar",
    "mainMenu": "Menú Principal"
  },
  "ru": {
    "title": "Духовная Тень",
    "play": "ИГРАТЬ",
    "settings": "Настройки",
    "shop": "Магазин",
    "leaderboard": "Таблица лидеров",
    "withdraw": "Вывести",
    "dailyReward": "Ежедневная награда",
    "hp": "Здоровье",
    "energy": "Энергия",
    "light": "Свет",
    "level": "Уровень",
    "soulCoins": "Монеты души",
    "gameOver": "Игра окончена",
    "victory": "Победа!",
    "tutorial": "Обучение",
    "continue": "Продолжить",
    "restart": "Перезапустить",
    "mainMenu": "Главное меню"
  }
}

